到课率,习题正确率,预习率,成绩
0.833 ,0.901 ,0.833 ,82
0.833 ,0.724 ,0.667 ,67
0.750 ,0.704 ,0.833 ,75
0.833 ,0.770 ,0.500 ,82
0.750 ,0.717 ,0.667 ,59
0.750 ,0.743 ,0.667 ,70
0.750 ,0.928 ,0.333 ,86
0.833 ,0.441 ,0.667 ,60
0.833 ,0.757 ,0.333 ,81
0.750 ,0.572 ,0.500 ,70
0.833 ,0.539 ,0.167 ,75
0.750 ,0.441 ,0.500 ,60
0.667 ,0.730 ,0.333 ,77
0.750 ,0.664 ,0.167 ,59
0.750 ,0.645 ,0.167 ,65
0.833 ,0.553 ,0.000 ,85
0.750 ,0.579 ,0.167 ,59
0.583 ,0.454 ,0.500 ,59
0.750 ,0.520 ,0.000 ,59
0.667 ,0.362 ,0.167 ,85
0.750 ,0.421 ,0.000 ,59
0.500 ,0.592 ,0.167 ,59
0.667 ,0.401 ,0.000 ,59
0.583 ,0.500 ,0.000 ,59
0.417 ,0.513 ,0.167 ,92
0.500 ,0.263 ,0.167 ,59
0.417 ,0.395 ,0.000 ,60
0.333 ,0.211 ,0.333 ,95
0.060 ,0.100 ,0.000 ,62
0.470 ,0.038 ,0.522 ,59
0.290 ,0.042 ,0.058 ,59
0.410 ,0.057 ,0.058 ,59
0.470 ,0.084 ,0.000 ,65
0.760 ,0.119 ,0.203 ,66
0.590 ,0.126 ,0.623 ,68
0.710 ,0.054 ,0.058 ,59
0.710 ,0.042 ,0.043 ,59
0.760 ,0.118 ,0.101 ,71
0.350 ,0.031 ,0.058 ,59
0.290 ,0.031 ,0.000 ,59
0.180 ,0.031 ,0.058 ,59
0.470 ,0.080 ,0.058 ,59
0.240 ,0.073 ,0.087 ,59
0.940 ,0.280 ,0.971 ,77
0.350 ,0.107 ,0.000 ,60
0.760 ,0.142 ,0.377 ,73
0.710 ,0.123 ,0.884 ,61
0.240 ,0.050 ,0.101 ,59
0.760 ,0.130 ,0.058 ,61
0.710 ,0.065 ,0.101 ,59
0.180 ,0.027 ,0.000 ,59
0.240 ,0.011 ,0.000 ,59
0.820 ,0.203 ,0.058 ,79
0.240 ,0.042 ,0.058 ,59
0.650 ,0.146 ,0.072 ,79
0.470 ,0.157 ,0.058 ,82
1.000 ,0.526 ,0.765 ,79
0.850 ,0.500 ,0.623 ,75
0.920 ,0.342 ,0.368 ,59
1.000 ,0.711 ,0.706 ,80
0.920 ,0.658 ,0.485 ,73
1.000 ,0.237 ,0.728 ,76
0.920 ,0.632 ,0.728 ,78
1.000 ,0.553 ,0.949 ,79
1.000 ,0.316 ,0.331 ,60
0.920 ,0.474 ,0.485 ,67
0.920 ,0.184 ,0.257 ,73
1.000 ,0.605 ,0.846 ,71
1.000 ,0.658 ,0.676 ,72
1.000 ,0.368 ,0.728 ,75
1.000 ,0.237 ,0.404 ,65
0.920 ,0.711 ,0.765 ,75
1.000 ,0.553 ,0.794 ,77
1.000 ,0.447 ,0.743 ,75
1.000 ,0.684 ,0.838 ,77
0.920 ,0.737 ,0.721 ,71
1.000 ,0.737 ,0.868 ,74
1.000 ,0.684 ,0.794 ,76
1.000 ,0.474 ,0.515 ,80
1.000 ,0.447 ,0.581 ,63
0.920 ,0.421 ,0.728 ,69
0.920 ,0.658 ,1.000 ,77
1.000 ,0.605 ,0.816 ,74
1.000 ,0.658 ,0.860 ,78
0.920 ,0.474 ,0.706 ,71
1.000 ,0.500 ,0.794 ,75
1.000 ,0.632 ,0.912 ,78
1.000 ,0.605 ,0.669 ,67
1.000 ,0.816 ,0.824 ,82
1.000 ,0.579 ,0.772 ,80
1.000 ,0.842 ,0.838 ,78
1.000 ,0.553 ,0.713 ,73
1.000 ,0.289 ,1.000 ,75
0.920 ,0.684 ,0.382 ,74
1.000 ,0.526 ,0.471 ,76
1.000 ,0.500 ,0.574 ,60
1.000 ,0.553 ,0.750 ,75
1.000 ,0.526 ,0.478 ,73
1.000 ,0.658 ,0.691 ,70
1.000 ,0.553 ,0.735 ,75
1.000 ,0.842 ,0.831 ,78
1.000 ,0.737 ,0.574 ,77
1.000 ,0.632 ,0.610 ,72
1.000 ,0.500 ,0.515 ,77
1.000 ,0.526 ,0.809 ,81
1.000 ,0.632 ,0.897 ,76
1.000 ,0.605 ,0.699 ,70
1.000 ,0.605 ,0.478 ,81
1.000 ,0.395 ,0.794 ,73
1.000 ,0.395 ,0.463 ,60
0.850 ,0.500 ,0.875 ,64
0.920 ,0.526 ,0.412 ,73
1.000 ,0.711 ,0.603 ,80
1.000 ,0.605 ,0.772 ,83
1.000 ,0.579 ,0.574 ,78
1.000 ,0.553 ,0.728 ,83
1.000 ,0.684 ,0.897 ,80
1.000 ,0.289 ,0.625 ,79
1.000 ,0.526 ,0.860 ,79
0.920 ,0.605 ,0.816 ,76
1.000 ,0.816 ,0.868 ,78
1.000 ,0.526 ,0.610 ,79
1.000 ,0.632 ,0.809 ,69
1.000 ,0.184 ,0.346 ,59
1.000 ,0.447 ,0.787 ,77
1.000 ,0.184 ,0.272 ,66
0.920 ,0.395 ,0.581 ,73
1.000 ,0.553 ,0.529 ,73
1.000 ,0.500 ,0.493 ,70
1.000 ,0.342 ,0.551 ,74
1.000 ,0.250 ,0.573 ,73
0.920 ,0.580 ,0.915 ,74
0.850 ,0.690 ,0.863 ,76
0.850 ,0.440 ,0.556 ,76
0.920 ,0.610 ,0.991 ,74
0.920 ,0.280 ,0.846 ,64
0.920 ,0.580 ,1.000 ,76
0.850 ,0.470 ,0.692 ,77
0.850 ,0.420 ,0.915 ,64
0.920 ,0.420 ,0.632 ,66
0.850 ,0.140 ,0.581 ,63
0.920 ,0.410 ,0.752 ,79
0.920 ,0.250 ,0.632 ,74
0.850 ,0.330 ,0.761 ,77
0.920 ,0.530 ,1.000 ,74
0.920 ,0.610 ,0.658 ,79
0.850 ,0.440 ,0.598 ,66
0.770 ,0.250 ,0.573 ,60
0.850 ,0.420 ,0.761 ,74
0.920 ,0.360 ,0.530 ,71
0.920 ,0.530 ,0.547 ,71
0.150 ,0.030 ,0.179 ,59
0.920 ,0.580 ,0.991 ,83
0.920 ,0.310 ,0.744 ,68
0.850 ,0.310 ,0.538 ,61
0.920 ,0.280 ,1.000 ,71
0.920 ,0.330 ,0.778 ,68
0.920 ,0.280 ,0.556 ,70
0.920 ,0.560 ,0.966 ,75
0.920 ,0.470 ,0.949 ,71
0.920 ,0.250 ,0.641 ,68
0.850 ,0.530 ,0.812 ,91
0.850 ,0.420 ,0.590 ,71
0.850 ,0.390 ,0.752 ,70
0.850 ,0.420 ,0.991 ,87
0.770 ,0.360 ,0.889 ,71
0.920 ,0.190 ,0.675 ,78
0.850 ,0.500 ,0.846 ,77
0.850 ,0.420 ,0.786 ,75
0.920 ,0.330 ,0.786 ,72
0.850 ,0.190 ,0.453 ,66
0.920 ,0.420 ,0.590 ,74
0.850 ,0.250 ,0.444 ,67
0.850 ,0.140 ,0.684 ,72
0.920 ,0.080 ,0.513 ,73
0.920 ,0.280 ,0.667 ,65
0.920 ,0.580 ,0.821 ,82
0.920 ,0.330 ,0.632 ,66
0.920 ,0.140 ,0.650 ,71
0.850 ,0.420 ,0.735 ,81
0.920 ,0.500 ,0.940 ,72
0.850 ,0.470 ,0.855 ,80
0.920 ,0.250 ,0.795 ,65
0.920 ,0.360 ,0.632 ,69
0.920 ,0.470 ,0.855 ,79
0.920 ,0.250 ,0.744 ,71
0.850 ,0.170 ,0.632 ,66
0.920 ,0.500 ,0.658 ,73
0.920 ,0.220 ,0.684 ,77
0.920 ,0.390 ,0.915 ,69
0.920 ,0.360 ,0.504 ,77
0.850 ,0.420 ,0.735 ,70
0.920 ,0.330 ,0.778 ,68
0.920 ,0.250 ,0.624 ,66
0.920 ,0.330 ,0.496 ,67
0.920 ,0.610 ,0.684 ,73
0.920 ,0.530 ,1.000 ,71
0.790 ,0.000 ,0.167 ,75
0.860 ,0.778 ,0.333 ,71
0.720 ,0.556 ,0.167 ,82
0.310 ,0.000 ,0.000 ,61
0.760 ,0.444 ,0.000 ,63
0.620 ,0.000 ,0.000 ,59
0.970 ,0.111 ,0.833 ,95
0.660 ,0.778 ,0.167 ,85
0.860 ,0.000 ,0.333 ,83
0.590 ,0.333 ,0.000 ,74
0.900 ,0.000 ,0.000 ,70
0.930 ,0.000 ,0.000 ,63
0.830 ,0.000 ,0.000 ,86
0.620 ,0.778 ,0.000 ,65
0.760 ,0.111 ,0.167 ,84
0.830 ,0.111 ,0.000 ,82
0.860 ,0.667 ,0.167 ,69
0.760 ,0.667 ,0.000 ,85
0.790 ,0.778 ,0.000 ,68
0.720 ,0.222 ,0.833 ,78
0.550 ,0.889 ,0.000 ,77
0.550 ,0.444 ,0.667 ,66
0.210 ,0.000 ,0.000 ,61
0.480 ,0.889 ,0.000 ,72
0.900 ,0.444 ,0.000 ,90
0.620 ,0.111 ,0.167 ,86
0.930 ,0.111 ,0.167 ,80
0.970 ,1.000 ,0.167 ,74
0.480 ,0.000 ,0.333 ,59
0.660 ,0.111 ,0.333 ,59
0.860 ,0.444 ,0.333 ,77
0.620 ,1.000 ,0.833 ,80
0.970 ,1.000 ,0.000 ,79
0.520 ,0.444 ,0.000 ,81
0.900 ,0.444 ,1.000 ,79
0.790 ,0.222 ,0.333 ,87
0.380 ,0.000 ,0.000 ,59
0.520 ,0.222 ,0.667 ,59
0.520 ,0.111 ,0.833 ,72
0.860 ,0.000 ,0.667 ,74
0.660 ,0.000 ,0.000 ,73
0.310 ,0.000 ,0.000 ,59
0.930 ,0.000 ,0.000 ,77
0.860 ,0.333 ,0.000 ,59
0.760 ,0.333 ,0.000 ,70
0.760 ,0.000 ,0.167 ,64
0.930 ,0.333 ,0.000 ,89
0.790 ,0.444 ,0.333 ,83
0.860 ,0.222 ,0.667 ,78
0.590 ,0.778 ,0.000 ,59
0.720 ,0.333 ,0.000 ,70
0.550 ,0.222 ,0.333 ,62
0.760 ,0.444 ,0.833 ,75
0.720 ,0.333 ,0.833 ,63
0.970 ,0.556 ,0.333 ,92
0.970 ,0.889 ,0.333 ,76
0.590 ,0.000 ,0.000 ,64
0.660 ,0.333 ,0.167 ,74
0.930 ,0.111 ,0.000 ,64
0.930 ,0.556 ,0.167 ,61
0.690 ,0.556 ,0.667 ,67
0.620 ,0.111 ,0.167 ,71
0.620 ,0.000 ,0.000 ,74
0.790 ,0.000 ,0.000 ,75
0.760 ,0.889 ,0.000 ,62
0.660 ,0.556 ,0.000 ,59
0.930 ,0.444 ,0.167 ,66
0.000 ,0.889 ,1.000 ,89
0.520 ,0.111 ,0.833 ,71
0.480 ,0.778 ,0.000 ,65
0.930 ,0.333 ,0.167 ,92
0.770 ,0.744 ,0.000 ,83
0.740 ,0.744 ,0.417 ,93
0.810 ,0.822 ,0.667 ,67
0.810 ,0.822 ,0.250 ,95
0.840 ,0.992 ,0.083 ,90
0.160 ,0.295 ,0.083 ,84
0.770 ,0.961 ,0.500 ,95
0.840 ,0.527 ,0.167 ,84
0.810 ,0.667 ,0.250 ,87
0.840 ,0.930 ,0.083 ,94
0.840 ,0.822 ,0.833 ,86
0.840 ,0.744 ,0.500 ,76
0.840 ,0.822 ,0.333 ,90
0.810 ,0.698 ,0.250 ,95
0.840 ,0.667 ,0.167 ,91
0.840 ,0.744 ,0.000 ,90
0.710 ,0.698 ,0.167 ,83
0.810 ,0.729 ,0.167 ,87
0.810 ,0.822 ,0.667 ,94
0.840 ,0.667 ,0.250 ,82
0.840 ,0.744 ,0.583 ,81
0.810 ,0.791 ,0.333 ,86
0.810 ,0.729 ,0.000 ,81
0.810 ,0.667 ,0.167 ,78
0.840 ,0.667 ,0.500 ,63
0.770 ,0.310 ,0.583 ,80
0.710 ,0.419 ,0.250 ,88
0.810 ,0.667 ,0.417 ,93
0.810 ,0.605 ,0.417 ,77
0.810 ,0.620 ,0.083 ,87
0.840 ,0.698 ,0.250 ,88
0.810 ,0.868 ,0.333 ,95
0.710 ,0.527 ,0.417 ,78
0.840 ,0.868 ,0.083 ,78
0.840 ,0.837 ,0.083 ,74
0.840 ,0.930 ,0.167 ,76
0.810 ,0.651 ,0.000 ,67
0.840 ,0.868 ,0.250 ,80
0.840 ,0.791 ,0.083 ,80
0.840 ,0.837 ,0.167 ,83
0.840 ,1.054 ,0.167 ,79
0.840 ,1.054 ,0.083 ,83
0.840 ,0.744 ,0.500 ,75
0.840 ,0.667 ,0.083 ,95
0.810 ,0.791 ,0.833 ,76
0.810 ,1.008 ,0.167 ,88
0.840 ,0.822 ,0.083 ,67
0.840 ,0.775 ,0.167 ,77
0.770 ,0.667 ,0.250 ,73
0.840 ,0.868 ,0.333 ,83
0.740 ,0.775 ,0.167 ,80
0.810 ,0.868 ,0.417 ,81
0.840 ,0.961 ,0.167 ,89
0.840 ,1.101 ,0.500 ,87
0.770 ,0.791 ,0.667 ,87
0.840 ,1.085 ,0.250 ,89
0.840 ,0.837 ,0.333 ,71
0.770 ,0.310 ,0.333 ,67
0.840 ,0.822 ,0.833 ,92
0.840 ,0.698 ,0.083 ,87
0.840 ,0.992 ,0.583 ,70
0.840 ,0.775 ,0.000 ,68
0.840 ,0.667 ,0.167 ,85
0.840 ,0.574 ,0.583 ,93
0.840 ,0.667 ,0.417 ,90
0.840 ,0.729 ,0.167 ,81
0.810 ,0.698 ,0.167 ,74
0.810 ,0.698 ,0.333 ,72
0.810 ,0.729 ,0.333 ,90
0.740 ,0.698 ,0.333 ,83
0.840 ,0.729 ,0.250 ,64
0.810 ,0.698 ,0.083 ,74
0.810 ,0.744 ,0.167 ,84
0.840 ,0.822 ,0.583 ,87
0.740 ,0.667 ,0.167 ,75
0.810 ,0.791 ,0.167 ,70
0.740 ,0.264 ,0.083 ,76
0.840 ,0.651 ,0.417 ,79
0.840 ,0.419 ,0.250 ,70
0.770 ,0.651 ,0.333 ,80
0.840 ,0.775 ,0.583 ,86
0.840 ,0.837 ,0.167 ,84
0.810 ,0.837 ,1.000 ,90
0.840 ,0.837 ,0.417 ,91
0.840 ,0.915 ,0.917 ,89
0.840 ,0.698 ,0.917 ,69
0.810 ,0.450 ,0.000 ,66
0.810 ,0.868 ,0.083 ,93
0.770 ,0.791 ,0.083 ,75
0.840 ,0.930 ,0.833 ,93
0.840 ,0.775 ,0.333 ,94
0.840 ,0.667 ,0.167 ,82
0.840 ,0.620 ,0.250 ,68
0.770 ,0.605 ,0.417 ,71
0.840 ,0.930 ,0.417 ,92
0.840 ,0.775 ,0.333 ,89
0.820 ,,0.194 ,81
0.910 ,,0.258 ,80
0.910 ,,1.000 ,72
0.910 ,,0.484 ,69
0.820 ,,0.323 ,90
0.910 ,,0.194 ,83
0.910 ,,0.839 ,65
0.640 ,,0.194 ,59
0.820 ,,0.065 ,59
0.820 ,,0.097 ,69
0.910 ,,0.806 ,62
0.820 ,,0.065 ,59
0.910 ,,0.290 ,87
0.820 ,,0.452 ,76
0.820 ,,0.355 ,70
0.910 ,,0.323 ,59
0.910 ,,0.742 ,88
0.820 ,,0.290 ,73
0.820 ,,0.000 ,59
0.910 ,,0.194 ,87
0.910 ,,0.677 ,81
0.910 ,,0.129 ,59
0.910 ,,0.387 ,92
0.820 ,,0.419 ,69
0.910 ,,0.226 ,59
0.820 ,,0.710 ,67
0.820 ,,0.645 ,76
0.820 ,,0.194 ,80
0.820 ,,0.516 ,85
0.910 ,,0.484 ,78
0.910 ,,0.419 ,71
0.910 ,,0.645 ,59
0.910 ,,0.419 ,77
0.910 ,,0.548 ,80
0.910 ,,0.581 ,70
0.910 ,,0.677 ,80
0.910 ,,0.226 ,62
0.730 ,,0.226 ,76
0.910 ,,0.226 ,59
0.820 ,,0.355 ,59
0.910 ,,0.290 ,80
0.910 ,,0.742 ,59
0.910 ,,0.258 ,59
0.820 ,,0.258 ,86
0.820 ,,0.097 ,74
0.820 ,,0.484 ,97
0.910 ,,0.323 ,72
0.910 ,,0.516 ,89
0.910 ,,0.677 ,83
0.910 ,,0.742 ,70
0.820 ,,0.129 ,83
0.910 ,,0.290 ,72
0.730 ,,0.387 ,80
0.820 ,,0.258 ,72
0.910 ,,0.065 ,73
0.910 ,,0.484 ,77
0.000 ,,0.065 ,59
0.910 ,,0.387 ,71
0.910 ,,0.452 ,65
0.910 ,,0.161 ,59
0.910 ,,0.258 ,70
0.820 ,,0.323 ,59
0.910 ,,0.323 ,83
0.910 ,,0.484 ,70
0.910 ,,0.258 ,90
0.910 ,,0.516 ,72
0.910 ,,0.194 ,59
0.910 ,,0.355 ,66
0.820 ,,0.452 ,70
0.910 ,,0.419 ,72
0.910 ,,0.677 ,84
0.820 ,,0.581 ,72
0.820 ,,0.000 ,80
0.910 ,,0.290 ,76
0.910 ,,0.839 ,82
0.820 ,,0.355 ,67
0.910 ,,0.258 ,80
0.910 ,,0.710 ,80
0.820 ,,0.323 ,93
0.820 ,,0.710 ,81
0.770 ,,0.447 ,64
0.920 ,,0.579 ,59
0.540 ,,0.000 ,59
0.920 ,,0.711 ,59
0.850 ,,0.474 ,86
0.850 ,,0.658 ,70
0.920 ,,0.263 ,70
0.920 ,,0.711 ,65
0.770 ,,0.237 ,59
0.920 ,,0.500 ,76
0.850 ,,0.763 ,59
0.770 ,,0.263 ,59
0.920 ,,0.763 ,64
0.850 ,,0.395 ,59
0.850 ,,0.237 ,59
0.690 ,,0.500 ,59
0.920 ,,0.211 ,59
0.850 ,,0.605 ,59
0.920 ,,0.421 ,63
0.920 ,,0.658 ,84
0.920 ,,0.895 ,78
0.920 ,,0.289 ,60
0.850 ,,0.368 ,64
0.920 ,,0.342 ,78
0.850 ,,0.658 ,67
0.920 ,,0.711 ,69
0.460 ,,0.000 ,59
0.920 ,,0.316 ,59
0.380 ,,0.000 ,59
0.920 ,,0.658 ,70
0.540 ,,0.605 ,60
0.850 ,,0.421 ,80
0.920 ,,0.263 ,59
0.770 ,,0.474 ,86
0.850 ,,0.342 ,59
0.850 ,,0.342 ,64
0.920 ,,0.211 ,59
0.920 ,,0.342 ,59
0.920 ,,0.000 ,90
0.690 ,,0.474 ,72
0.850 ,,0.605 ,59
0.770 ,,0.105 ,65
0.920 ,,0.158 ,76
0.850 ,,0.289 ,80
0.850 ,,0.368 ,71
0.920 ,,0.553 ,79
0.920 ,,0.079 ,59
0.850 ,,0.079 ,62
0.850 ,,0.132 ,60
0.920 ,,0.237 ,64
0.920 ,,0.342 ,67
0.920 ,,0.421 ,60
0.850 ,,0.342 ,59
0.920 ,,0.316 ,70
0.850 ,,0.737 ,84
0.850 ,,0.263 ,77
0.920 ,,0.342 ,59
0.770 ,,0.684 ,66
0.850 ,,0.737 ,67
0.920 ,,0.526 ,70
0.770 ,,0.237 ,65
0.770 ,,0.974 ,59
0.920 ,,0.368 ,74
0.920 ,,0.553 ,68
0.850 ,,0.789 ,76
0.770 ,,0.763 ,72
0.920 ,,0.342 ,73
0.850 ,,0.263 ,59
0.920 ,,0.316 ,80
0.920 ,,0.368 ,60
0.920 ,,0.737 ,60
0.920 ,,0.368 ,59
0.920 ,,0.263 ,60
0.850 ,,0.368 ,66
0.920 ,,0.316 ,83
0.920 ,,0.289 ,60
0.920 ,,0.053 ,63
0.920 ,,0.632 ,86
0.690 ,,0.211 ,59
0.770 ,,0.474 ,80
0.770 ,,0.342 ,74
0.770 ,,0.263 ,72
0.850 ,,0.763 ,85
0.920 ,,0.105 ,88
1.000 ,,0.200 ,65
1.000 ,,1.000 ,82
1.000 ,,1.000 ,81
1.000 ,,0.200 ,81
1.000 ,,1.000 ,65
1.000 ,,1.000 ,76
0.920 ,,0.800 ,86
0.850 ,,0.000 ,59
1.000 ,,0.200 ,87
1.000 ,,1.000 ,59
1.000 ,,1.000 ,65
1.000 ,,0.200 ,67
1.000 ,,0.200 ,68
1.000 ,,0.000 ,83
0.920 ,,0.800 ,70
1.000 ,,1.000 ,71
0.770 ,,0.000 ,66
0.920 ,,0.200 ,59
1.000 ,,0.200 ,81
1.000 ,,1.000 ,59
1.000 ,,0.200 ,81
1.000 ,,1.000 ,70
1.000 ,,0.200 ,67
1.000 ,,0.200 ,68
1.000 ,,0.200 ,65
1.000 ,,0.200 ,79
1.000 ,,1.000 ,76
1.000 ,,1.000 ,59
1.000 ,,0.200 ,59
1.000 ,,0.200 ,60
1.000 ,,1.000 ,85
1.000 ,,0.200 ,76
1.000 ,,0.200 ,64
0.920 ,,0.000 ,77
1.000 ,,0.200 ,82
0.770 ,,0.000 ,60
1.000 ,,0.200 ,85
1.000 ,,1.000 ,67
1.000 ,,0.200 ,70
0.920 ,,1.000 ,64
1.000 ,,0.400 ,72
0.850 ,,0.000 ,59
0.920 ,,0.200 ,62
1.000 ,,0.200 ,84
0.540 ,,0.000 ,78
1.000 ,,0.200 ,59
1.000 ,,0.000 ,74
1.000 ,,1.000 ,80
1.000 ,,0.200 ,78
1.000 ,,1.000 ,67
1.000 ,,0.200 ,66
1.000 ,,0.200 ,60
1.000 ,,0.000 ,92
1.000 ,,1.000 ,59
1.000 ,,1.000 ,60
0.920 ,,0.200 ,60
1.000 ,,0.200 ,72
1.000 ,,0.200 ,59
1.000 ,,0.200 ,64
1.000 ,,0.400 ,67
1.000 ,,0.200 ,67
1.000 ,,0.200 ,60
1.000 ,,0.400 ,76
1.000 ,,1.000 ,89
1.000 ,,1.000 ,59
1.000 ,,0.000 ,70
1.000 ,,0.200 ,59
0.540 ,,0.200 ,65
1.000 ,,0.200 ,60
0.770 ,,0.000 ,83
0.850 ,,0.321 ,77
0.850 ,,0.000 ,98
0.850 ,,0.143 ,75
0.920 ,,0.464 ,70
0.850 ,,0.714 ,65
0.850 ,,1.000 ,72
0.850 ,,0.179 ,66
0.540 ,,0.214 ,80
0.230 ,,0.036 ,69
0.920 ,,0.036 ,63
0.850 ,,0.036 ,59
0.850 ,,0.286 ,68
0.850 ,,0.357 ,75
0.770 ,,0.107 ,60
0.850 ,,0.071 ,65
0.460 ,,0.250 ,76
0.850 ,,0.250 ,59
0.920 ,,0.393 ,85
0.850 ,,0.107 ,59
0.850 ,,0.429 ,67
0.850 ,,0.321 ,83
0.920 ,,0.857 ,74
0.310 ,,0.143 ,60
0.920 ,,0.571 ,89
0.850 ,,0.143 ,60
0.920 ,,0.429 ,70
0.920 ,,0.036 ,67
0.850 ,,0.571 ,79
0.150 ,,0.071 ,59
0.690 ,,0.214 ,74
0.920 ,,0.571 ,74
0.850 ,,0.536 ,84
0.770 ,,0.036 ,59
0.770 ,,0.357 ,87
0.920 ,,0.250 ,87
0.310 ,,0.643 ,59
0.380 ,,0.214 ,76
0.850 ,,0.786 ,95
0.920 ,,0.500 ,70
0.000 ,,0.000 ,66
0.920 ,,0.500 ,60
0.850 ,,0.464 ,92
0.850 ,,0.143 ,60
0.620 ,,0.393 ,59
0.920 ,,0.357 ,74
0.920 ,,0.357 ,66
0.920 ,,0.321 ,65
0.920 ,,0.286 ,59
0.850 ,,0.536 ,76
0.850 ,,0.429 ,67
0.770 ,,0.750 ,59
0.850 ,,0.750 ,59
0.920 ,,0.714 ,66
0.920 ,,0.214 ,72
0.850 ,,0.357 ,59
0.850 ,,0.179 ,60
0.920 ,,0.429 ,81
0.920 ,,0.929 ,74
0.920 ,,0.214 ,65
0.920 ,,0.286 ,59
0.920 ,,0.786 ,68
0.690 ,,0.179 ,80
0.850 ,,0.071 ,81
0.920 ,,0.107 ,85
0.770 ,,0.893 ,80
0.920 ,,0.357 ,65
0.850 ,,0.571 ,86
0.920 ,,0.429 ,83
0.920 ,,0.250 ,59
0.690 ,,0.286 ,59
0.920 ,,0.393 ,85
0.850 ,,0.071 ,81
0.940 ,0.783 ,,75
0.560 ,0.777 ,,70
0.750 ,0.620 ,,59
0.690 ,0.277 ,,59
0.880 ,0.584 ,,65
1.000 ,0.711 ,,70
0.000 ,0.000 ,,61
0.940 ,0.584 ,,60
0.750 ,0.554 ,,59
0.690 ,0.651 ,,60
0.690 ,0.536 ,,60
0.880 ,0.657 ,,70
0.940 ,0.633 ,,59
1.000 ,0.717 ,,80
0.880 ,0.693 ,,62
0.810 ,0.602 ,,60
0.880 ,0.614 ,,60
0.880 ,0.488 ,,59
0.940 ,0.723 ,,60
0.750 ,0.602 ,,59
0.750 ,0.717 ,,59
0.880 ,0.548 ,,62
0.690 ,0.608 ,,60
0.880 ,0.343 ,,59
0.880 ,0.735 ,,70
0.500 ,0.337 ,,60
0.810 ,0.627 ,,67
0.940 ,0.693 ,,70
0.880 ,0.795 ,,66
0.600 ,0.012 ,0.026 ,73
0.600 ,0.006 ,0.158 ,65
0.000 ,0.047 ,0.289 ,84
1.000 ,0.355 ,0.746 ,77
1.000 ,0.419 ,1.000 ,90
0.870 ,0.395 ,0.518 ,83
1.000 ,0.238 ,0.754 ,83
0.930 ,0.448 ,0.798 ,88
1.000 ,0.372 ,0.754 ,79
1.000 ,0.337 ,0.877 ,81
1.000 ,0.343 ,0.816 ,83
0.930 ,0.291 ,0.675 ,79
1.000 ,0.430 ,0.851 ,81
1.000 ,0.471 ,0.930 ,92
0.930 ,0.227 ,0.851 ,70
1.000 ,0.430 ,0.912 ,86
0.870 ,0.337 ,0.684 ,84
1.000 ,0.390 ,1.000 ,84
1.000 ,0.105 ,0.482 ,64
1.000 ,0.349 ,0.877 ,78
0.930 ,0.372 ,0.772 ,82
1.000 ,0.244 ,0.886 ,74
1.000 ,0.512 ,0.895 ,90
1.000 ,0.395 ,0.667 ,79
0.930 ,0.326 ,0.860 ,75
1.000 ,0.419 ,0.868 ,86
1.000 ,0.430 ,0.904 ,84
1.000 ,0.413 ,1.000 ,78
0.930 ,0.488 ,0.877 ,92
0.930 ,0.442 ,0.851 ,89
0.930 ,0.331 ,0.842 ,87
1.000 ,0.395 ,1.000 ,80
1.000 ,0.419 ,0.947 ,91
1.000 ,0.459 ,1.000 ,80
1.000 ,0.529 ,1.000 ,89
1.000 ,0.483 ,0.930 ,91
1.000 ,0.459 ,0.982 ,90
1.000 ,0.436 ,0.965 ,81
1.000 ,0.314 ,0.965 ,79
1.000 ,0.390 ,0.728 ,92
0.930 ,0.442 ,0.746 ,90
1.000 ,0.413 ,0.982 ,75
1.000 ,0.430 ,0.930 ,86
0.770 ,0.359 ,0.779 ,59
1.000 ,0.667 ,0.809 ,84
1.000 ,0.436 ,0.632 ,82
1.000 ,0.410 ,0.868 ,66
1.000 ,0.308 ,0.603 ,74
1.000 ,0.359 ,0.809 ,63
1.000 ,0.692 ,0.956 ,88
0.920 ,0.436 ,0.456 ,87
1.000 ,0.667 ,0.985 ,77
1.000 ,0.564 ,0.529 ,78
0.920 ,0.462 ,0.529 ,70
1.000 ,0.538 ,0.338 ,79
1.000 ,0.590 ,0.507 ,80
1.000 ,0.846 ,0.853 ,81
1.000 ,0.410 ,0.522 ,69
0.920 ,0.564 ,0.640 ,73
0.850 ,0.590 ,0.941 ,71
0.920 ,0.359 ,0.618 ,73
1.000 ,0.590 ,0.676 ,73
1.000 ,0.538 ,0.794 ,75
0.920 ,0.282 ,0.574 ,65
1.000 ,0.769 ,0.581 ,78
1.000 ,0.795 ,0.838 ,84
1.000 ,0.513 ,0.897 ,79
0.920 ,0.179 ,0.301 ,63
0.920 ,0.538 ,0.831 ,74
0.920 ,0.462 ,0.713 ,75
1.000 ,0.538 ,0.662 ,67
1.000 ,0.667 ,0.566 ,71
0.920 ,0.359 ,0.706 ,78
1.000 ,0.538 ,0.669 ,68
1.000 ,0.513 ,1.000 ,77
1.000 ,0.513 ,0.676 ,73
1.000 ,0.513 ,0.544 ,74
1.000 ,0.462 ,0.831 ,68
1.000 ,0.615 ,0.559 ,77
1.000 ,0.692 ,0.772 ,81
1.000 ,0.564 ,0.669 ,77
1.000 ,0.487 ,0.779 ,75
1.000 ,0.769 ,0.338 ,86
1.000 ,0.641 ,0.500 ,76
0.920 ,0.256 ,0.507 ,63
0.920 ,0.410 ,0.449 ,72
1.000 ,0.513 ,0.699 ,76
1.000 ,0.538 ,0.390 ,74
1.000 ,0.744 ,0.338 ,83
0.620 ,0.308 ,0.375 ,67
1.000 ,0.590 ,0.632 ,80
1.000 ,0.282 ,0.647 ,66
0.770 ,0.359 ,0.537 ,61
1.000 ,0.590 ,0.603 ,70
1.000 ,0.590 ,0.581 ,73
0.920 ,0.538 ,0.493 ,78
0.690 ,0.513 ,0.257 ,60
1.000 ,0.641 ,0.765 ,79
1.000 ,0.821 ,0.949 ,83
0.920 ,0.692 ,0.596 ,84
1.000 ,0.538 ,0.632 ,75
0.850 ,0.256 ,0.610 ,59
1.000 ,0.590 ,0.654 ,73
1.000 ,0.718 ,0.699 ,91
1.000 ,0.795 ,0.779 ,87
1.000 ,0.769 ,0.809 ,92
1.000 ,0.513 ,0.757 ,84
1.000 ,0.846 ,0.963 ,87
1.000 ,0.769 ,0.588 ,89
1.000 ,0.744 ,0.801 ,90
1.000 ,0.538 ,0.831 ,78
1.000 ,0.538 ,0.559 ,81
1.000 ,0.641 ,0.750 ,81
1.000 ,0.795 ,0.971 ,81
0.870 ,0.162 ,0.407 ,69
0.930 ,0.162 ,0.650 ,74
0.930 ,0.622 ,0.870 ,79
0.930 ,0.189 ,0.691 ,65
0.730 ,0.568 ,0.740 ,71
0.930 ,0.270 ,0.553 ,76
0.800 ,0.351 ,0.764 ,77
0.930 ,0.378 ,0.805 ,65
0.930 ,0.216 ,0.699 ,75
0.930 ,0.324 ,1.000 ,67
0.870 ,0.216 ,0.854 ,72
0.870 ,0.811 ,0.902 ,81
0.730 ,0.081 ,0.675 ,66
0.930 ,0.324 ,0.894 ,76
0.130 ,0.243 ,0.715 ,59
0.600 ,0.216 ,0.894 ,59
0.730 ,0.189 ,0.854 ,66
0.800 ,0.297 ,0.854 ,75
0.930 ,0.595 ,0.740 ,88
0.930 ,0.243 ,0.683 ,79
0.930 ,0.378 ,0.878 ,81
0.930 ,0.324 ,1.000 ,77
0.930 ,0.865 ,1.000 ,86
0.930 ,0.595 ,0.821 ,80
0.870 ,0.324 ,0.951 ,85
0.870 ,0.459 ,0.854 ,70
0.200 ,0.189 ,0.366 ,59
0.930 ,0.541 ,0.935 ,81
0.130 ,0.081 ,0.130 ,59
0.930 ,0.486 ,0.821 ,82
0.870 ,0.486 ,0.309 ,62
0.930 ,0.649 ,0.805 ,79
0.870 ,0.351 ,0.902 ,79
0.800 ,0.189 ,0.447 ,63
0.870 ,0.405 ,1.000 ,73
0.870 ,0.378 ,0.748 ,72
0.930 ,0.459 ,0.724 ,79
0.930 ,0.676 ,0.902 ,76
0.930 ,0.568 ,0.919 ,74
0.670 ,0.324 ,0.496 ,60
0.930 ,0.622 ,0.732 ,77
0.930 ,0.459 ,0.935 ,84
0.870 ,0.568 ,0.659 ,77
0.870 ,0.432 ,0.756 ,82
0.930 ,0.703 ,0.797 ,79
0.870 ,0.568 ,0.886 ,78
0.800 ,0.405 ,0.301 ,60
0.930 ,0.297 ,0.683 ,75
0.870 ,0.297 ,0.683 ,83
0.800 ,0.432 ,0.797 ,69
0.870 ,0.514 ,0.902 ,73
0.870 ,0.622 ,0.959 ,73
0.930 ,0.622 ,0.699 ,82
0.730 ,0.189 ,0.569 ,60
0.930 ,0.486 ,0.837 ,76
0.930 ,0.568 ,0.846 ,78
0.930 ,0.757 ,0.707 ,79
0.930 ,0.649 ,0.577 ,80
0.930 ,0.405 ,0.854 ,73
0.930 ,0.459 ,0.886 ,75
0.930 ,0.324 ,0.504 ,78
0.930 ,0.568 ,0.854 ,90
0.930 ,0.622 ,0.837 ,89
0.870 ,0.351 ,0.813 ,74
0.930 ,0.568 ,0.951 ,76
0.870 ,0.784 ,0.878 ,84
0.870 ,0.459 ,0.675 ,85
0.870 ,0.216 ,0.423 ,69
0.930 ,0.514 ,0.846 ,83
1.000 ,0.417 ,0.010 ,77
0.920 ,0.333 ,0.080 ,85
1.000 ,0.250 ,0.014 ,81
0.920 ,0.417 ,0.154 ,82
1.000 ,0.250 ,0.039 ,90
0.920 ,0.167 ,0.156 ,81
0.920 ,0.250 ,0.033 ,83
0.920 ,0.083 ,0.109 ,85
0.920 ,0.333 ,0.084 ,78
0.920 ,0.583 ,0.162 ,82
0.920 ,0.500 ,0.010 ,79
1.000 ,0.333 ,0.262 ,89
1.000 ,0.167 ,0.055 ,86
0.830 ,0.083 ,0.346 ,61
0.920 ,0.167 ,0.049 ,81
1.000 ,0.500 ,0.053 ,80
0.920 ,0.167 ,0.072 ,73
1.000 ,0.417 ,0.129 ,78
0.750 ,0.000 ,0.023 ,76
0.750 ,0.000 ,0.031 ,87
0.920 ,0.167 ,0.096 ,78
1.000 ,0.333 ,0.063 ,81
1.000 ,0.417 ,0.609 ,84
0.920 ,0.167 ,0.283 ,80
0.920 ,0.000 ,0.139 ,85
0.920 ,0.250 ,0.119 ,78
0.920 ,0.250 ,0.217 ,90
0.920 ,0.333 ,0.160 ,80
0.920 ,0.167 ,0.061 ,86
1.000 ,0.083 ,0.219 ,83
1.000 ,0.250 ,0.010 ,78
1.000 ,0.250 ,0.109 ,85
1.000 ,0.333 ,0.061 ,92
0.920 ,0.167 ,0.000 ,88
1.000 ,0.083 ,0.217 ,86
1.000 ,0.333 ,0.041 ,91
1.000 ,0.250 ,0.000 ,81
0.920 ,0.333 ,0.203 ,90
0.920 ,0.417 ,0.066 ,84
0.920 ,0.417 ,0.176 ,87
1.000 ,0.417 ,0.234 ,90
1.000 ,0.500 ,0.178 ,88
1.000 ,0.417 ,0.008 ,80
1.000 ,0.000 ,0.283 ,87
0.920 ,0.083 ,0.043 ,71
1.000 ,0.250 ,0.113 ,90
1.000 ,0.667 ,0.410 ,79
0.920 ,0.000 ,0.057 ,72
1.000 ,0.250 ,0.254 ,72
0.830 ,0.083 ,0.455 ,65
1.000 ,0.083 ,0.078 ,85
0.920 ,0.333 ,0.359 ,82
0.830 ,0.167 ,0.020 ,85
0.920 ,0.250 ,0.029 ,85
0.920 ,0.667 ,0.980 ,87
1.000 ,0.417 ,0.455 ,87
1.000 ,0.333 ,0.301 ,88
0.920 ,0.167 ,0.295 ,74
1.000 ,0.417 ,0.324 ,85
0.670 ,0.167 ,0.254 ,78
1.000 ,0.250 ,0.252 ,80
1.000 ,0.250 ,0.910 ,90
1.000 ,0.250 ,0.023 ,85
0.360 ,0.167 ,0.023 ,75
1.000 ,0.333 ,0.623 ,85
0.910 ,0.417 ,0.248 ,90
0.910 ,0.500 ,0.229 ,81
0.910 ,0.417 ,0.020 ,88
1.000 ,0.667 ,0.715 ,90
0.910 ,0.250 ,0.137 ,86
0.730 ,0.083 ,0.543 ,80
0.910 ,0.583 ,0.227 ,89
0.910 ,0.250 ,0.002 ,75
1.000 ,0.333 ,0.172 ,91
0.910 ,0.250 ,0.000 ,81
0.910 ,0.417 ,0.793 ,87
0.820 ,0.417 ,0.471 ,85
0.910 ,0.417 ,0.021 ,64
0.820 ,0.250 ,0.027 ,88
0.820 ,0.250 ,0.047 ,88
0.820 ,0.083 ,0.039 ,83
0.910 ,0.417 ,0.176 ,83
0.910 ,0.417 ,0.869 ,89
0.640 ,0.167 ,0.006 ,80
0.820 ,0.250 ,0.045 ,84
1.000 ,0.500 ,0.010 ,91
1.000 ,0.667 ,0.439 ,88
0.910 ,0.083 ,0.000 ,71
0.910 ,0.167 ,0.012 ,86
1.000 ,0.417 ,0.072 ,92
0.910 ,0.083 ,0.000 ,80
0.910 ,0.333 ,0.193 ,77
0.910 ,0.417 ,0.039 ,86
0.910 ,0.417 ,0.104 ,85
1.000 ,0.417 ,0.068 ,90
0.910 ,0.417 ,0.301 ,88
0.910 ,0.250 ,0.842 ,85
0.910 ,0.167 ,0.113 ,86
0.910 ,0.500 ,0.982 ,92
0.910 ,0.250 ,0.121 ,91
0.910 ,0.250 ,0.039 ,83
0.910 ,0.333 ,0.004 ,91
0.820 ,0.333 ,0.010 ,86
0.910 ,0.250 ,0.133 ,88
0.910 ,0.333 ,0.213 ,88
0.910 ,0.333 ,0.170 ,87
0.730 ,0.083 ,0.766 ,84
0.910 ,0.250 ,0.256 ,82
0.910 ,0.417 ,0.035 ,89
0.910 ,0.250 ,0.199 ,86
0.880 ,0.167 ,0.000 ,81
0.750 ,0.167 ,0.131 ,71
0.750 ,0.667 ,0.103 ,72
0.880 ,0.333 ,0.159 ,84
0.880 ,0.667 ,0.567 ,83
0.880 ,0.333 ,0.706 ,84
0.750 ,0.500 ,0.599 ,70
0.880 ,0.167 ,0.000 ,77
0.880 ,0.667 ,0.607 ,83
0.880 ,0.833 ,0.067 ,81
0.750 ,0.167 ,0.000 ,69
0.880 ,0.000 ,0.008 ,67
0.000 ,0.000 ,0.000 ,59
0.880 ,0.167 ,0.000 ,89
0.750 ,0.667 ,0.063 ,82
0.880 ,0.333 ,0.008 ,87
0.880 ,0.333 ,0.008 ,70
0.750 ,0.167 ,0.000 ,86
0.750 ,0.500 ,0.095 ,73
0.880 ,0.167 ,0.000 ,86
0.880 ,0.333 ,0.044 ,85
0.880 ,0.333 ,0.012 ,78
0.880 ,0.167 ,0.000 ,83
0.880 ,0.333 ,0.000 ,82
0.880 ,0.333 ,0.000 ,79
0.880 ,0.167 ,0.056 ,79
0.880 ,0.167 ,0.012 ,75
0.750 ,0.167 ,0.115 ,72
0.880 ,0.333 ,0.020 ,88
0.880 ,0.167 ,0.222 ,79
0.880 ,0.333 ,0.079 ,86
0.880 ,0.500 ,0.163 ,86
0.880 ,0.333 ,0.714 ,88
0.880 ,0.333 ,0.155 ,81
0.880 ,0.000 ,0.060 ,64
0.880 ,0.500 ,0.000 ,76
0.880 ,0.000 ,0.000 ,76
0.620 ,0.333 ,0.000 ,61
0.880 ,0.167 ,0.258 ,77
0.880 ,0.167 ,0.000 ,64
0.880 ,0.167 ,0.087 ,68
0.880 ,0.333 ,0.083 ,72
0.880 ,0.000 ,0.004 ,81
0.880 ,0.333 ,0.000 ,80
0.880 ,0.000 ,0.000 ,84
0.000 ,0.000 ,0.000 ,59
0.880 ,0.167 ,0.071 ,86
0.750 ,0.167 ,0.012 ,82
0.880 ,0.167 ,0.242 ,92
0.750 ,0.000 ,0.000 ,86
0.880 ,0.167 ,0.008 ,84
0.880 ,0.167 ,0.000 ,82
0.880 ,0.333 ,0.000 ,91
0.860 ,0.167 ,0.056 ,78
0.860 ,0.167 ,0.028 ,74
0.860 ,0.000 ,0.000 ,81
1.000 ,0.833 ,0.774 ,82
0.860 ,0.333 ,0.099 ,70
0.860 ,0.167 ,0.020 ,78
0.860 ,0.000 ,0.000 ,81
0.570 ,0.167 ,0.024 ,61
0.860 ,0.167 ,0.004 ,85
0.860 ,0.167 ,0.004 ,79
0.860 ,0.167 ,0.000 ,80
0.860 ,0.333 ,0.056 ,80
1.000 ,0.167 ,0.004 ,80
1.000 ,0.500 ,0.488 ,80
1.000 ,0.667 ,0.516 ,81
0.860 ,0.500 ,0.500 ,85
1.000 ,0.333 ,0.028 ,89
0.860 ,0.000 ,0.004 ,74
0.860 ,0.500 ,0.048 ,80
0.860 ,0.000 ,0.067 ,78
0.860 ,0.167 ,0.103 ,84
0.860 ,0.667 ,0.024 ,84
0.860 ,0.000 ,0.056 ,81
0.860 ,0.500 ,0.214 ,84
1.000 ,0.000 ,0.004 ,85
0.710 ,0.000 ,0.000 ,61
0.860 ,0.167 ,0.000 ,78
0.860 ,0.333 ,0.008 ,82
0.860 ,0.000 ,0.008 ,76
0.860 ,0.167 ,0.012 ,87
0.860 ,0.333 ,0.028 ,79
0.570 ,0.333 ,0.000 ,60
0.860 ,0.000 ,0.000 ,81
1.000 ,0.167 ,0.000 ,83
0.860 ,0.000 ,0.004 ,77
1.000 ,0.167 ,0.016 ,85
0.710 ,0.333 ,0.020 ,74
0.860 ,0.167 ,0.024 ,87
0.860 ,0.167 ,0.067 ,66
0.860 ,0.000 ,0.163 ,83
0.860 ,0.333 ,0.040 ,82
0.860 ,0.167 ,0.000 ,78
1.000 ,0.833 ,0.472 ,86
0.860 ,0.167 ,0.127 ,81
0.860 ,0.333 ,0.083 ,74
0.860 ,0.333 ,0.075 ,85
0.860 ,0.000 ,0.000 ,77
0.710 ,0.000 ,0.020 ,71
0.860 ,0.000 ,0.000 ,87
0.860 ,0.667 ,0.000 ,71
0.860 ,0.667 ,0.020 ,77
0.860 ,0.167 ,0.869 ,85
0.860 ,0.333 ,0.210 ,88
0.860 ,0.333 ,0.000 ,86
0.860 ,0.000 ,0.000 ,72
1.000 ,0.777 ,0.250 ,83
0.960 ,0.579 ,0.750 ,94
1.000 ,0.661 ,0.750 ,94
1.000 ,0.711 ,0.167 ,88
0.930 ,0.579 ,0.333 ,93
1.000 ,0.562 ,1.000 ,95
1.000 ,0.612 ,0.000 ,82
1.000 ,0.479 ,0.500 ,84
0.960 ,0.496 ,0.583 ,85
0.890 ,0.496 ,0.000 ,68
1.000 ,0.661 ,0.250 ,71
1.000 ,0.645 ,0.000 ,71
0.930 ,0.645 ,0.750 ,79
1.000 ,0.496 ,0.167 ,92
1.000 ,0.512 ,0.750 ,85
1.000 ,0.579 ,0.417 ,87
1.000 ,0.628 ,0.000 ,81
1.000 ,0.678 ,0.667 ,90
1.000 ,0.529 ,0.333 ,68
0.890 ,0.479 ,0.083 ,91
0.930 ,0.595 ,0.250 ,94
1.000 ,0.380 ,0.333 ,62
0.850 ,0.331 ,0.083 ,77
0.960 ,0.595 ,0.333 ,83
1.000 ,0.562 ,0.000 ,77
0.960 ,0.612 ,0.833 ,82
1.000 ,0.645 ,0.833 ,88
1.000 ,0.512 ,0.250 ,83
0.960 ,0.628 ,0.083 ,85
0.960 ,0.579 ,0.500 ,76
0.960 ,0.512 ,0.833 ,91
1.000 ,0.562 ,0.417 ,81
0.930 ,0.512 ,0.250 ,87
1.000 ,0.529 ,0.167 ,84
1.000 ,0.413 ,0.083 ,82
1.000 ,0.678 ,0.500 ,95
1.000 ,0.678 ,0.000 ,82
1.000 ,0.760 ,0.333 ,91
1.000 ,0.413 ,0.000 ,75
0.960 ,0.545 ,0.333 ,72
0.960 ,0.562 ,0.417 ,84
1.000 ,0.744 ,0.750 ,98
1.000 ,0.744 ,0.583 ,94
1.000 ,0.512 ,0.500 ,79
1.000 ,0.744 ,0.167 ,86
1.000 ,0.678 ,0.250 ,85
0.960 ,0.364 ,0.000 ,86
1.000 ,0.430 ,0.083 ,68
1.000 ,0.645 ,0.667 ,94
1.000 ,0.595 ,0.167 ,73
1.000 ,0.612 ,0.583 ,92
1.000 ,0.711 ,0.667 ,70
1.000 ,0.628 ,0.417 ,88
0.960 ,0.446 ,0.583 ,66
1.000 ,0.529 ,0.000 ,74
1.000 ,0.661 ,0.167 ,92
1.000 ,0.694 ,0.500 ,77
1.000 ,0.430 ,0.083 ,88
0.930 ,0.545 ,0.083 ,70
1.000 ,0.562 ,0.167 ,72
0.890 ,0.579 ,0.500 ,74
1.000 ,0.661 ,0.583 ,94
1.000 ,0.694 ,0.333 ,89
1.000 ,0.661 ,0.333 ,82
1.000 ,0.595 ,0.250 ,67
1.000 ,0.364 ,0.000 ,80
0.930 ,0.331 ,0.167 ,60
1.000 ,0.331 ,0.000 ,69
1.000 ,0.678 ,0.083 ,92
1.000 ,0.579 ,0.083 ,59
1.000 ,0.579 ,0.083 ,80
1.000 ,0.562 ,0.083 ,78
1.000 ,0.645 ,0.500 ,80
1.000 ,0.595 ,0.083 ,88
1.000 ,0.512 ,0.250 ,77
1.000 ,0.612 ,0.167 ,72
1.000 ,0.661 ,0.167 ,63
1.000 ,0.612 ,0.083 ,70
1.000 ,0.595 ,0.250 ,75
1.000 ,0.694 ,0.750 ,80
1.000 ,0.612 ,0.250 ,82
1.000 ,0.579 ,0.500 ,78
1.000 ,0.479 ,0.333 ,85
0.960 ,0.545 ,0.250 ,88
1.000 ,0.694 ,0.250 ,93
0.670 ,0.281 ,0.167 ,72
0.960 ,0.612 ,0.083 ,92
1.000 ,0.777 ,0.833 ,85
1.000 ,0.595 ,0.250 ,64
0.960 ,0.661 ,0.167 ,68
1.000 ,0.579 ,0.250 ,88
1.000 ,0.562 ,0.083 ,70
0.960 ,0.628 ,0.417 ,67
1.000 ,0.512 ,0.000 ,87
0.960 ,0.579 ,0.333 ,80
1.000 ,0.661 ,0.833 ,92
1.000 ,0.661 ,0.000 ,79
1.000 ,0.694 ,0.500 ,82
1.000 ,0.529 ,0.000 ,66
1.000 ,0.645 ,0.250 ,91
1.000 ,0.545 ,0.417 ,96
1.000 ,0.562 ,0.417 ,91
1.000 ,0.612 ,0.333 ,81
1.000 ,0.694 ,0.000 ,92
1.000 ,0.529 ,0.250 ,79
0.880 ,0.000 ,1.000 ,98
0.880 ,0.000 ,1.000 ,97
0.440 ,0.000 ,1.000 ,92
0.620 ,0.594 ,0.000 ,96
0.190 ,0.000 ,0.000 ,90
0.190 ,0.656 ,0.000 ,82
0.810 ,0.000 ,1.000 ,92
0.120 ,0.000 ,0.000 ,84
0.810 ,0.000 ,1.000 ,94
0.810 ,0.344 ,1.000 ,91
0.120 ,0.000 ,0.000 ,71
0.190 ,0.000 ,0.000 ,84
0.060 ,0.000 ,0.000 ,82
0.880 ,0.625 ,1.000 ,100
0.880 ,0.688 ,1.000 ,100
0.810 ,0.656 ,1.000 ,99
0.880 ,0.000 ,0.000 ,100
0.880 ,0.344 ,1.000 ,96
0.880 ,0.000 ,0.000 ,97
0.880 ,0.688 ,0.000 ,99
0.880 ,0.688 ,1.000 ,98
0.880 ,0.656 ,1.000 ,94
0.880 ,0.688 ,1.000 ,98
0.880 ,0.000 ,1.000 ,97
0.810 ,0.000 ,1.000 ,97
0.750 ,0.000 ,0.000 ,98
0.880 ,0.000 ,1.000 ,94
0.880 ,0.563 ,0.000 ,97
0.880 ,0.656 ,0.000 ,95
0.060 ,0.000 ,0.000 ,90
0.190 ,0.000 ,0.000 ,90
0.190 ,0.000 ,0.000 ,97
0.060 ,0.000 ,0.000 ,92
0.690 ,0.000 ,0.000 ,99
0.880 ,0.000 ,1.000 ,100
0.880 ,0.000 ,1.000 ,99
0.380 ,0.000 ,0.000 ,82
0.250 ,0.000 ,0.000 ,89
0.560 ,0.000 ,0.000 ,91
0.880 ,0.000 ,1.000 ,97
0.880 ,0.000 ,0.000 ,94
0.880 ,0.000 ,1.000 ,98
0.880 ,0.000 ,0.000 ,92
0.880 ,0.000 ,0.000 ,95
0.880 ,0.000 ,0.000 ,99
0.520 ,,,59
0.770 ,,,62
0.840 ,,,70
0.810 ,,,64
0.840 ,,,65
0.840 ,,,86
0.770 ,,,61
0.840 ,,,76
0.840 ,,,69
0.770 ,,,72
0.680 ,,,59
0.840 ,,,67
0.810 ,,,71
0.840 ,,,90
0.840 ,,,73
0.840 ,,,61
0.770 ,,,61
0.840 ,,,78
0.840 ,,,71
0.840 ,,,91
0.580 ,,,60
0.840 ,,,75
0.550 ,,,59
0.840 ,,,76
0.840 ,,,77
0.770 ,,,63
0.810 ,,,60
0.840 ,,,67
0.840 ,,,66
0.840 ,,,66
0.840 ,,,84
0.810 ,,,66
0.810 ,,,60
0.840 ,,,75
0.810 ,,,75
0.810 ,,,73
0.840 ,,,83
0.840 ,,,68
0.840 ,,,64
0.840 ,,,71
0.840 ,,,63
0.740 ,,,64
0.770 ,,,58
0.840 ,,,63
0.740 ,,,66
0.840 ,,,73
0.710 ,,,65
0.840 ,,,66
0.810 ,,,72
0.810 ,,,66
0.840 ,,,71
0.770 ,,,67
0.840 ,,,76
0.810 ,,,93
0.810 ,,,83
0.840 ,,,77
0.810 ,,,76
0.770 ,,,59
0.840 ,,,74
0.770 ,,,72
0.840 ,,,77
0.840 ,,,61
0.810 ,,,80
0.770 ,,,81
0.810 ,,,88
0.840 ,,,76
0.840 ,,,68
0.840 ,,,64
0.810 ,,,65
0.840 ,,,90
0.770 ,,,59
0.810 ,,,59
0.810 ,,,72
0.840 ,,,61
0.810 ,,,81
0.770 ,,,59
0.550 ,,,59
0.810 ,,,62
0.840 ,,,59
0.810 ,,,68
0.840 ,,,80
0.840 ,,,80
0.840 ,,,76
0.840 ,,,71
0.840 ,,,68
0.710 ,,,59
1.000 ,,,63
0.620 ,,,59
1.000 ,,,80
0.960 ,,,92
0.880 ,,,59
0.960 ,,,59
1.000 ,,,85
1.000 ,,,79
1.000 ,,,90
0.770 ,,,63
1.000 ,,,59
1.000 ,,,82
1.000 ,,,69
0.960 ,,,63
0.960 ,,,69
1.000 ,,,65
0.960 ,,,76
1.000 ,,,77
0.850 ,,,59
0.620 ,,,59
0.960 ,,,81
0.960 ,,,86
0.880 ,,,89
0.880 ,,,67
0.960 ,,,86
1.000 ,,,86
1.000 ,,,87
1.000 ,,,67
1.000 ,,,82
0.920 ,,,76
0.810 ,,,81
0.960 ,,,81
1.000 ,,,77
1.000 ,,,74
1.000 ,,,77
0.960 ,,,76
1.000 ,,,64
1.000 ,,,81
0.810 ,,,59
0.920 ,,,94
0.580 ,,,75
1.000 ,,,90
0.880 ,,,84
0.770 ,,,60
0.920 ,,,78
1.000 ,,,71
1.000 ,,,75
1.000 ,,,82
0.880 ,,,68
1.000 ,,,89
0.850 ,,,82
1.000 ,,,81
1.000 ,,,96
0.880 ,,,64
0.620 ,,,59
1.000 ,,,79
0.920 ,,,59
0.920 ,,,79
0.960 ,,,59
1.000 ,,,71
1.000 ,,,73
0.960 ,,,87
1.000 ,,,83
1.000 ,,,70
1.000 ,,,68
1.000 ,,,61
0.960 ,,,78
1.000 ,,,81
1.000 ,,,68
1.000 ,,,77
1.000 ,,,71
0.880 ,,,69
1.000 ,,,73
1.000 ,,,74
1.000 ,,,67
1.000 ,,,63
1.000 ,,,79
0.650 ,,,59
0.580 ,,,59
0.920 ,,,75
1.000 ,,,64
0.920 ,,,77
0.920 ,,,76
0.850 ,,,59
0.730 ,,,86
1.000 ,,,73
0.920 ,,,79
1.000 ,,,91
0.960 ,,,74
0.920 ,,,59
0.870 ,,,60
0.870 ,,,59
0.870 ,,,59
0.730 ,,,70
0.800 ,,,59
0.730 ,,,59
0.330 ,,,59
0.870 ,,,59
0.870 ,,,59
0.800 ,,,59
0.870 ,,,60
0.870 ,,,59
0.870 ,,,80
0.800 ,,,59
0.330 ,,,59
0.870 ,,,59
0.600 ,,,59
0.730 ,,,61
0.730 ,,,59
0.600 ,,,59
0.870 ,,,59
0.870 ,,,59
0.800 ,,,59
0.870 ,,,59
0.870 ,,,59
0.800 ,,,74
0.870 ,,,59
0.130 ,,,59
0.870 ,,,59
0.870 ,,,59
0.870 ,,,59
0.800 ,,,60
0.870 ,,,63
0.330 ,,,59
0.870 ,,,61
0.870 ,,,59
0.870 ,,,73
0.870 ,,,63
0.870 ,,,59
0.870 ,,,59
0.870 ,,,59
0.730 ,,,62
0.870 ,,,59
0.870 ,,,77
0.870 ,,,72
0.870 ,,,63
0.870 ,,,59
0.800 ,,,59
0.870 ,,,59
0.730 ,,,59
0.870 ,,,59
0.870 ,,,72
0.730 ,,,59
0.800 ,,,68
0.870 ,,,61
0.800 ,,,59
0.870 ,,,77
0.800 ,,,85
0.870 ,,,86
0.600 ,,,70
0.870 ,,,59
0.600 ,,,59
0.870 ,,,62
0.870 ,,,59
0.870 ,,,59
0.870 ,,,59
0.600 ,,,59
0.530 ,,,59
0.870 ,,,80
0.730 ,,,66
0.870 ,,,59
0.470 ,,,59
1.000 ,,,65
0.950 ,,,62
0.640 ,,,67
0.910 ,,,70
0.950 ,,,71
1.000 ,,,59
1.000 ,,,75
0.910 ,,,77
0.950 ,,,80
1.000 ,,,66
0.910 ,,,59
0.590 ,,,59
0.770 ,,,59
0.950 ,,,91
1.000 ,,,80
0.950 ,,,75
0.820 ,,,69
1.000 ,,,73
0.860 ,,,74
1.000 ,,,79
0.950 ,,,74
0.950 ,,,64
1.000 ,,,73
0.730 ,,,59
1.000 ,,,76
1.000 ,,,76
0.910 ,,,71
0.860 ,,,63
0.860 ,,,61
1.000 ,,,82
0.910 ,,,81
0.820 ,,,59
0.860 ,,,65
0.950 ,,,71
1.000 ,,,78
0.950 ,,,60
0.950 ,,,59
0.860 ,,,59
1.000 ,,,77
0.910 ,,,59
1.000 ,,,62
0.950 ,,,59
0.950 ,,,59
0.950 ,,,59
1.000 ,,,62
0.950 ,,,68
0.950 ,,,67
1.000 ,,,67
1.000 ,,,63
0.910 ,,,65
1.000 ,,,59
0.820 ,,,59
1.000 ,,,76
1.000 ,,,59
0.910 ,,,59
0.910 ,,,59
1.000 ,,,64
0.770 ,,,69
0.910 ,,,59
1.000 ,,,69
1.000 ,,,59
1.000 ,,,59
1.000 ,,,68
0.820 ,,,60
1.000 ,,,59
0.950 ,,,64
1.000 ,,,65
0.950 ,,,78
1.000 ,,,70
0.860 ,,,74
1.000 ,,,87
1.000 ,,,59
0.680 ,0.200 ,0.167 ,77
0.790 ,0.800 ,0.167 ,90
0.890 ,0.800 ,0.667 ,95
0.930 ,0.200 ,0.667 ,75
0.860 ,1.000 ,0.167 ,91
0.640 ,0.400 ,0.000 ,59
0.890 ,1.000 ,0.833 ,94
0.460 ,0.000 ,0.000 ,79
0.890 ,0.000 ,0.667 ,93
0.890 ,1.000 ,0.333 ,91
0.790 ,0.200 ,0.833 ,70
0.890 ,0.200 ,0.167 ,86
0.790 ,0.200 ,0.000 ,66
0.250 ,0.000 ,0.000 ,59
0.070 ,0.000 ,0.000 ,72
0.820 ,0.600 ,0.333 ,65
0.250 ,0.000 ,0.000 ,63
0.640 ,0.000 ,0.000 ,63
0.930 ,0.800 ,0.000 ,83
0.790 ,0.400 ,0.167 ,59
0.890 ,0.600 ,0.167 ,70
0.820 ,0.000 ,0.667 ,91
0.680 ,0.600 ,0.000 ,59
0.890 ,0.600 ,0.167 ,77
0.860 ,0.800 ,0.000 ,62
0.860 ,0.600 ,0.167 ,78
0.930 ,0.400 ,0.333 ,78
0.640 ,0.400 ,0.167 ,68
0.930 ,1.000 ,0.000 ,74
0.930 ,1.000 ,0.000 ,87
0.930 ,0.800 ,0.833 ,71
0.500 ,0.000 ,0.000 ,70
0.860 ,0.000 ,0.000 ,86
0.750 ,0.400 ,0.167 ,59
0.750 ,0.400 ,0.167 ,59
0.500 ,0.000 ,0.000 ,86
0.430 ,0.000 ,0.000 ,59
0.890 ,0.000 ,0.333 ,62
0.820 ,0.200 ,0.000 ,88
0.140 ,0.000 ,0.000 ,91
0.820 ,0.000 ,0.000 ,59
0.930 ,0.800 ,0.167 ,79
0.680 ,0.000 ,0.000 ,61
0.750 ,0.200 ,0.000 ,59
0.710 ,0.000 ,0.000 ,68
0.290 ,0.000 ,0.000 ,63
0.860 ,0.000 ,0.667 ,59
0.890 ,0.000 ,0.000 ,80
0.820 ,0.000 ,0.000 ,79
0.890 ,0.000 ,0.167 ,91
0.820 ,0.000 ,0.167 ,91
0.820 ,0.000 ,0.000 ,86
0.790 ,0.600 ,0.000 ,80
0.000 ,0.000 ,0.000 ,79
0.790 ,0.000 ,0.000 ,71
0.610 ,0.600 ,0.167 ,72
0.890 ,0.800 ,0.167 ,85
0.890 ,0.600 ,0.833 ,82
0.890 ,,,77
0.860 ,,,82
0.750 ,,,70
0.860 ,,,59
0.860 ,,,64
0.820 ,,,77
0.820 ,,,78
0.790 ,,,70
0.640 ,,,75
0.890 ,,,59
0.790 ,,,63
0.860 ,,,75
0.820 ,,,82
0.790 ,,,59
0.640 ,,,71
0.820 ,,,60
0.680 ,,,70
0.860 ,,,70
0.790 ,,,75
0.860 ,,,72
0.790 ,,,64
0.890 ,,,63
0.890 ,,,59
0.860 ,,,79
0.640 ,,,59
0.890 ,,,59
0.860 ,,,59
0.890 ,,,76
0.890 ,,,70
0.820 ,,,65
0.640 ,,,67
0.890 ,,,61
0.860 ,,,69
0.820 ,,,74
0.790 ,,,69
0.930 ,,,61
0.710 ,,,61
0.790 ,,,72
0.710 ,,,67
0.710 ,,,73
0.890 ,,,85
0.790 ,,1.000 ,59
0.970 ,,1.000 ,83
0.910 ,,1.000 ,69
0.910 ,,1.000 ,59
0.970 ,,1.000 ,59
0.940 ,,0.500 ,75
0.940 ,,1.000 ,61
0.910 ,,0.000 ,59
0.970 ,,0.000 ,59
0.970 ,,0.500 ,64
0.940 ,,0.500 ,62
0.970 ,,1.000 ,85
0.180 ,,1.000 ,59
0.970 ,,1.000 ,59
0.940 ,,1.000 ,77
0.970 ,,1.000 ,59
0.940 ,,1.000 ,72
0.970 ,,1.000 ,68
0.970 ,,1.000 ,61
0.970 ,,1.000 ,64
0.940 ,,1.000 ,64
0.290 ,,1.000 ,59
0.880 ,,1.000 ,59
0.970 ,,0.000 ,70
0.320 ,,1.000 ,59
0.500 ,,1.000 ,59
0.970 ,,0.000 ,60
0.820 ,,1.000 ,67
0.970 ,,0.500 ,68
0.940 ,,1.000 ,59
0.910 ,,1.000 ,66
0.910 ,,0.000 ,59
0.940 ,,1.000 ,59
0.940 ,,1.000 ,74
0.970 ,,1.000 ,71
0.970 ,,1.000 ,60
0.970 ,,1.000 ,63
0.880 ,,1.000 ,67
0.970 ,,1.000 ,67
0.940 ,,1.000 ,62
0.970 ,,1.000 ,89
0.940 ,,0.000 ,60
0.880 ,,1.000 ,59
0.970 ,,0.500 ,76
0.910 ,,0.500 ,68
0.910 ,,1.000 ,59
0.970 ,,0.000 ,59
0.880 ,,1.000 ,73
0.970 ,,0.000 ,59
0.970 ,,1.000 ,63
0.970 ,,1.000 ,68
0.970 ,,1.000 ,66
0.970 ,,1.000 ,62
0.790 ,,0.000 ,59
0.970 ,,1.000 ,65
0.850 ,,0.000 ,70
0.850 ,,0.000 ,90
0.400 ,,0.000 ,85
0.900 ,,0.333 ,85
0.850 ,,0.667 ,60
0.950 ,,0.000 ,71
0.900 ,,0.667 ,73
0.800 ,,0.000 ,84
0.850 ,,0.000 ,87
1.000 ,,0.000 ,89
0.950 ,,0.667 ,59
0.950 ,,0.667 ,59
0.950 ,,1.000 ,71
1.000 ,,0.000 ,76
0.800 ,,0.000 ,83
0.950 ,,1.000 ,91
0.750 ,,0.000 ,82
0.750 ,,1.000 ,59
0.950 ,,0.667 ,76
0.950 ,,1.000 ,77
0.950 ,,0.000 ,59
0.900 ,,0.333 ,59
0.900 ,,1.000 ,84
1.000 ,,1.000 ,90
0.900 ,,0.667 ,75
0.800 ,,0.667 ,72
0.950 ,,1.000 ,80
0.950 ,,0.333 ,60
0.800 ,,0.667 ,94
0.950 ,,1.000 ,81
0.950 ,,1.000 ,90
0.950 ,,0.667 ,90
1.000 ,,1.000 ,79
1.000 ,,1.000 ,59
0.950 ,,1.000 ,73
0.850 ,,1.000 ,59
1.000 ,,0.000 ,59
0.900 ,,1.000 ,82
0.900 ,,0.333 ,91
0.950 ,,0.000 ,60
0.950 ,,0.333 ,93
0.850 ,,0.000 ,70
0.950 ,,0.667 ,78
0.850 ,,0.000 ,73
0.900 ,,0.000 ,84
0.950 ,,0.667 ,83
0.950 ,,0.333 ,78
0.950 ,,0.667 ,69
1.000 ,,1.000 ,97
0.950 ,,0.667 ,79
0.800 ,,1.000 ,78
0.650 ,,0.000 ,76
0.900 ,,0.667 ,88
0.900 ,,0.000 ,73
0.850 ,,0.667 ,72
0.750 ,,0.667 ,86
0.800 ,,0.000 ,68
0.900 ,,0.000 ,72
0.850 ,,1.000 ,63
0.800 ,,0.667 ,70
0.850 ,,0.333 ,92
0.950 ,,0.000 ,80
0.750 ,,0.667 ,67
0.900 ,,0.000 ,84
0.850 ,,0.667 ,59
0.850 ,,0.000 ,65
0.900 ,,0.667 ,80
0.850 ,,0.333 ,66
1.000 ,,0.667 ,78
0.850 ,,0.667 ,78
0.950 ,,1.000 ,87
0.900 ,,0.333 ,59
0.900 ,,0.000 ,76
0.750 ,,0.000 ,78
0.850 ,,0.667 ,72
0.950 ,,1.000 ,66
0.900 ,,0.667 ,79
1.000 ,,0.667 ,81
0.900 ,,1.000 ,88
0.750 ,,0.000 ,76
0.800 ,,1.000 ,84
0.950 ,,0.000 ,83
0.950 ,,0.667 ,85
0.800 ,,1.000 ,67
0.000 ,0.000 ,0.000 ,59
0.739 ,0.343 ,1.000 ,59
1.000 ,0.722 ,1.000 ,67
0.522 ,0.426 ,1.000 ,86
0.957 ,0.454 ,0.900 ,73
0.348 ,0.278 ,1.000 ,49
0.609 ,0.352 ,0.000 ,85
1.000 ,0.741 ,1.000 ,87
0.826 ,0.509 ,1.000 ,85
0.826 ,0.407 ,1.000 ,66
1.000 ,0.694 ,1.000 ,79
0.826 ,0.593 ,1.000 ,75
0.957 ,0.509 ,0.900 ,86
0.957 ,0.574 ,1.000 ,81
1.000 ,0.741 ,1.000 ,73
0.478 ,0.222 ,0.800 ,59
0.957 ,0.741 ,1.000 ,63
0.913 ,0.509 ,1.000 ,89
1.000 ,0.722 ,1.000 ,89
0.696 ,0.593 ,1.000 ,90
1.000 ,0.685 ,1.000 ,80
0.913 ,0.685 ,0.900 ,65
1.000 ,0.731 ,1.000 ,73
1.000 ,0.620 ,1.000 ,91
0.957 ,0.676 ,1.000 ,69
0.478 ,0.333 ,1.000 ,59
0.000 ,0.000 ,0.000 ,81
0.957 ,0.593 ,1.000 ,59
1.000 ,0.537 ,1.000 ,59
1.000 ,0.620 ,1.000 ,73
1.000 ,0.806 ,1.000 ,65
1.000 ,0.704 ,1.000 ,68
1.000 ,0.704 ,1.000 ,65
1.000 ,0.667 ,1.000 ,84
0.652 ,0.398 ,1.000 ,59
0.957 ,0.583 ,1.000 ,78
0.913 ,0.861 ,1.000 ,66
1.000 ,0.907 ,1.000 ,95
0.870 ,0.620 ,0.900 ,44
0.913 ,0.898 ,1.000 ,63
0.957 ,0.722 ,0.900 ,89
1.000 ,0.759 ,1.000 ,70
0.913 ,0.370 ,1.000 ,69
0.130 ,0.000 ,0.000 ,59
